Generation,Best_Mean,Best_Std,Div_Mean,Best_Seed_0,Best_Seed_1,Best_Seed_2,Best_Seed_3,Best_Seed_4,Best_Seed_5,Best_Seed_6,Best_Seed_7,Best_Seed_8,Best_Seed_9,Div_Seed_0,Div_Seed_1,Div_Seed_2,Div_Seed_3,Div_Seed_4,Div_Seed_5,Div_Seed_6,Div_Seed_7,Div_Seed_8,Div_Seed_9
0,20.446554001843648,0.1311349511151595,0.0,20.464558385476636,20.50749828059413,20.680639128137678,20.459435375951355,20.44224879776492,20.30809930739267,20.439675903655683,20.580669009497694,20.17394926223074,20.40876656773501,0.0,0.0,0.0,0.0,0.0,0.0,0.0,0.0,0.0,0.0
1,20.384307904261732,0.1320778050515523,0.0,20.464558385476636,20.50749828059413,20.445981895316855,20.459435375951355,20.281924660606553,20.30809930739267,20.439675903655683,20.580669009497694,20.17394926223074,20.181286961895022,0.0,0.0,0.0,0.0,0.0,0.0,0.0,0.0,0.0,0.0
2,20.31408261199754,0.14562219782180358,0.0,20.4527948376061,20.435104374533,20.423732062694963,20.336555110251926,19.989739244202376,20.30809930739267,20.439675903655683,20.399889055512986,20.17394926223074,20.181286961895022,0.0,0.0,0.0,0.0,0.0,0.0,0.0,0.0,0.0,0.0
3,20.11571749389352,0.16063432947744327,0.0,20.353479475734623,19.902831412572425,20.25479596122649,20.020596595668316,19.989739244202376,20.245420607853774,20.04264542064391,20.34364329830413,20.079311487380583,19.924711435348538,0.0,0.0,0.0,0.0,0.0,0.0,0.0,0.0,0.0,0.0
4,19.929351318109177,0.1587725852835978,0.0,20.121513477879635,19.902831412572425,20.098841112585124,19.953874299059958,19.553596445394593,20.011960247062127,20.027290402407715,19.763625633710948,19.93526871507071,19.924711435348538,0.0,0.0,0.0,0.0,0.0,0.0,0.0,0.0,0.0,0.0
5,19.636608864468098,0.25337356019092977,0.0,19.90850176931425,19.843835899163782,19.732922963951463,19.732850662161628,19.553596445394593,19.172371235475868,19.88416294576687,19.763625633710948,19.589904999119636,19.184316090621966,0.0,0.0,0.0,0.0,0.0,0.0,0.0,0.0,0.0,0.0
6,19.335089574339897,0.26068433934268637,0.0031401275112388225,19.90850176931425,19.50581928193961,18.94293416282343,19.18298243474948,19.199444279137886,19.172371235475868,19.228130461769844,19.480065030083956,19.546330997482688,19.184316090621966,0.03140127511238822,0.0,0.0,0.0,0.0,0.0,0.0,0.0,0.0,0.0
7,19.082161058789758,0.37141904675739285,0.0,19.398291087852638,19.50581928193961,18.94293416282343,18.671863765084932,19.166537321298744,18.409912490701483,19.228130461769844,19.480065030083956,19.37165759265493,18.646399393687986,0.0,0.0,0.0,0.0,0.0,0.0,0.0,0.0,0.0,0.0
8,18.723479473025815,0.39868367532563326,0.0,18.816809474423927,18.819975470824676,18.714924734817203,18.654475676490723,18.56702132829029,18.2434541744424,18.963884447745546,19.350350346124433,19.185242494806996,17.918656582291945,0.0,0.0,0.0,0.0,0.0,0.0,0.0,0.0,0.0,0.0
9,18.504568860555217,0.34785262069423273,0.0,18.48855987828095,18.819975470824676,18.601966913813328,18.194158268095826,18.52816383158642,18.172621034851872,18.81935773388682,19.0797058615568,18.517527134650088,17.823652478005396,0.0,0.0,0.0,0.0,0.0,0.0,0.0,0.0,0.0,0.0
10,18.34157196773256,0.2871922966629551,0.0,18.31422657905804,18.800601116635267,18.498757694160236,18.13186534346427,18.52816383158642,18.004919811524857,18.624381917154494,18.49991877720793,18.18923212852869,17.823652478005396,0.0,0.0,0.0,0.0,0.0,0.0,0.0,0.0,0.0,0.0
11,17.925886120850226,0.44141244310763217,0.0,17.992503941419212,18.463922326900963,18.498757694160236,17.16039584451501,17.81086417915277,17.688465036074874,18.333882594858792,17.996638379210914,18.077666908598378,17.235764303611102,0.0,0.0,0.0,0.0,0.0,0.0,0.0,0.0,0.0,0.0
12,17.447537019256316,0.4024092938846202,0.0,17.992503941419212,17.757705258063332,17.614905695830306,17.16039584451501,16.8725496515907,17.688465036074874,17.382865496665467,17.924184674445293,17.32806700685473,16.75372758710428,0.0,0.0,0.0,0.0,0.0,0.0,0.0,0.0,0.0,0.0
13,17.236023056443493,0.47649324999062864,0.0,17.667146254725893,17.757705258063332,17.614905695830306,16.642746527653028,16.815272114031316,17.55157730154538,17.239237585929935,17.490852084413437,17.32806700685473,16.252720735387562,0.0,0.0,0.0,0.0,0.0,0.0,0.0,0.0,0.0,0.0
14,16.914575319523134,0.48604473801353293,0.0,16.930197380631252,17.757705258063332,17.440125030271183,16.311181314737546,16.304747718151095,17.253334271199797,17.192935427666406,16.831016018368118,16.87179004075508,16.252720735387562,0.0,0.0,0.0,0.0,0.0,0.0,0.0,0.0,0.0,0.0
15,16.465089993113214,0.5211515027988752,0.008900897640533789,16.930197380631252,16.872562282981693,16.798980910681628,16.24077556361615,16.256104694918402,16.868847759429254,16.518100702290432,16.125114176197563,16.87179004075508,15.16842641963066,0.08900897640533789,0.0,0.0,0.0,0.0,0.0,0.0,0.0,0.0,0.0
16,16.214639795260606,0.49538522886545644,0.008358233081600948,16.930197380631252,16.40428127312011,16.734807145832846,15.95790472527733,16.005636302127034,16.586870104008817,16.504531605415586,15.780016134766063,16.073726861796352,15.16842641963066,0.055432247183567936,0.0,0.0,0.0,0.02815008363244154,0.0,0.0,0.0,0.0,0.0
17,15.842413380186226,0.6467162938979548,0.02566423858710131,16.917317838066808,16.40428127312011,16.734807145832846,14.887417944261907,15.236189927581579,15.93651517532507,15.45861544595698,15.728497554701283,15.952065077385042,15.16842641963066,0.0,0.0,0.06121674576355246,0.06334716690969307,0.007766765148713945,0.07857330435447724,0.039874285515487363,0.0,0.0,0.005864118179089064
18,15.465144716945195,0.682161034505983,0.0202927092895469,16.56230685073309,16.314184860200996,16.138483331906155,14.887417944261907,15.236189927581579,15.22877436527391,15.45861544595698,14.861428456139203,15.68984689497137,14.274199092426745,0.0,0.05532346972705486,0.0,0.06131756800427799,0.07287686372574795,0.013409191438388198,0.0,0.0,0.0,0.0
19,15.197122531648063,0.5896242421690314,0.015950502693251566,15.782209031266687,16.191037298729555,15.527668047909406,14.887417944261907,15.15768190977359,15.22877436527391,15.357639804046492,14.861428456139203,15.119720702108516,13.857647756971385,0.0,0.0,0.0,0.01876177026677862,0.0,0.0,0.0,0.07640291905246319,0.0,0.06434033761327386
20,14.899938210321045,0.7222693383007625,0.03447056671961154,15.782209031266687,16.116100231425495,15.292325680157013,14.470892983238834,15.15768190977359,14.559284407006572,15.357639804046492,14.006092323093801,14.475210789877975,13.781944943323985,0.0,0.0,0.0,0.06954030992815868,0.0012004666093528584,0.0,0.08547274819441754,0.09915033638063966,0.08934180608354672,0.0
21,14.689733059228095,0.7354928035200103,0.05248500845141814,15.725810354034312,15.615890183311453,14.821498228912413,13.759467046891496,15.1379956446719,14.559284407006572,15.31836877896573,14.006092323093801,14.475210789877975,13.477712835515327,0.0795214862559882,0.0,0.09085285767731836,0.0,0.0,0.09577354969427641,0.0708991190035034,0.00669670416446013,0.10827255212239201,0.0728338155962429
22,14.444052569957108,0.7360634645292795,0.05482488807092761,15.353192321791006,15.113979574760272,14.821498228912413,13.377169003914505,15.036270526281427,14.559284407006572,14.914698733073749,13.585290213076304,14.475210789877975,13.203931900876853,0.014135141266503837,0.08766115355649548,0.050690596723880994,0.04767996574433985,0.06517928426317474,0.07847893340432253,0.06456961699274445,0.0,0.07685503683293278,0.0629991519248815
23,14.227662853393165,0.7951942307744694,0.0406938420325043,15.176172806766878,15.113979574760272,14.821498228912413,12.992152453931562,14.636734743280979,14.559284407006572,14.726207035470598,13.212736994186002,13.833930388739518,13.203931900876853,0.0,0.0,0.05999899719166465,0.0,0.023101292083638304,0.08267574273532766,0.09913882152732865,0.09257903927110867,0.04098611599996441,0.00845841151601056
24,14.143830086531892,0.7768860512793343,0.025445743041599245,15.176172806766878,14.919627602589543,14.627261247156397,12.939092664742022,14.4693508535968,14.470760370004834,14.726207035470598,13.212736994186002,13.833930388739518,13.063160902066315,0.0,0.07377724533415923,0.0,0.0,0.0,0.0,0.0,0.05764771250892028,0.12303247257291296,0.0
25,13.818195388563561,0.89186689865382,0.027371357734423875,14.60698947066866,14.919627602589543,14.105307511923042,12.939092664742022,14.299981555729136,13.689436850231207,14.726207035470598,13.212736994186002,13.819857576310541,11.862716623784863,0.07315016388889664,0.040061643168959105,0.0,0.0951748554536514,0.0,0.0,0.0,0.06157646923855265,0.0037504455941789454,0.0
26,13.630448127347407,0.8978738667207949,0.04742502352365541,14.60698947066866,14.919627602589543,13.743448820217088,12.939092664742022,14.299981555729136,13.689436850231207,14.282607922705054,13.212736994186002,12.747842768620497,11.862716623784863,0.03398710854599181,0.09981613987680936,0.0,0.05282095181818054,0.09364814838648526,0.09443991070362964,0.0,0.0010748191896636833,0.0,0.09846315671579373
27,13.221364707424584,1.0732514792776386,0.026160412289201945,14.364491002909675,14.509146554507867,13.295988348107768,11.808828249169748,14.098104122406452,13.683840918823613,13.943908904471837,13.209897742082068,11.88193977329257,11.417501458474252,0.0648475573657141,0.05058888926094769,0.0,0.006847784397657305,0.039941467143789953,0.05327797056003333,0.0,0.0,0.0,0.046100454163877064
28,13.121941437104095,1.038141320637835,0.03316660074154957,14.364491002909675,14.363388600511694,13.295988348107768,11.808828249169748,13.620398919901362,13.51089748683972,13.943908904471837,13.130988934053514,11.88193977329257,11.298584151783038,0.09499916962428044,0.0,0.11973894764467007,0.0,0.0,0.03627238032689057,0.0,0.0,0.0806555098196546,0.0
29,12.725907272075506,0.9257079843335729,0.05480002371159861,13.834204360701854,13.665408052962452,13.13716421294175,11.197121979040261,13.129746799549153,13.206560268144356,13.26770372814976,12.891925879989135,11.6306532874933,11.298584151783038,0.13595221701561244,0.0,0.0982824965804268,0.0,0.0,0.0,0.005143592478776705,0.11789241028512659,0.0658916352137207,0.12483788554232281
30,12.597606320105522,0.9477833655652477,0.05567599398827509,13.834204360701854,13.665408052962452,12.751807829893265,10.915070856767441,12.783133387780714,13.206560268144356,13.253006921317526,12.637634084211264,11.6306532874933,11.298584151783038,0.10323457579660165,0.0,0.018207131409349174,0.0,0.10053865951238805,0.06177755731580722,0.08219737765008758,0.07718348506644174,0.018876037385428028,0.09474511574664748
31,12.534007533763344,0.9450792634636362,0.049976657338947086,13.834204360701854,13.366462100212761,12.574097848221257,10.755738927767377,12.783133387780714,13.206560268144356,13.253006921317526,12.637634084211264,11.6306532874933,11.298584151783038,0.026823604049665967,0.013652636396519733,0.015290896571029217,0.10802808004236678,0.08482215776167538,0.0,0.07048784436341926,0.03926801954814858,0.0973274434313128,0.04406589122533308
32,12.187168396580939,0.9132169010917398,0.046054498939365876,13.405330326307519,12.533730913427881,12.202283910387834,10.055696692837003,12.467563851598477,12.891453118117855,12.7487536296452,12.637634084211264,11.6306532874933,11.298584151783038,0.0,0.0,0.06699219946538745,0.07419768094670032,0.03575597030851755,0.0,0.019200579980436065,0.09543526839189945,0.055844086737980976,0.11311920356273698
33,11.940573035132122,0.809052148443447,0.0722346815401916,12.731664381777035,12.533730913427881,12.202283910387834,10.055696692837003,11.659043261279146,12.866248846626062,12.523046895605724,12.083485339925325,11.45194595767218,11.298584151783038,0.0,0.10474130758679963,0.014171750759497042,0.1507263046881937,0.0,0.11969874424804279,0.11706474312885048,0.05216251758095369,0.03761632169632766,0.1261651257132509
34,11.818540645606515,0.7250286325173863,0.06790335355495515,12.503170612807766,12.533730913427881,11.844074422764319,10.055696692837003,11.659043261279146,12.232628207962792,12.523046895605724,12.083485339925325,11.45194595767218,11.298584151783038,0.0,0.11271730998367568,0.0,0.158524162082495,0.0,0.1226541137400779,0.10056904345259098,0.011501177021153938,0.0,0.17306772926955805
35,11.511265472842803,0.774829100607104,0.0638895821827721,12.116169640730554,12.533730913427881,11.257913614176267,10.055696692837003,11.579525832585563,11.529231466085802,12.437946257010571,11.837456741763848,11.45194595767218,10.313037612138356,0.0,0.022056121826079075,0.0,0.17011817748101465,0.10693230056126109,0.008123864543902388,0.08794935492843843,0.0,0.12729030277087916,0.11642569971614611
36,11.479377255663682,0.7983320256854617,0.06510626625012259,12.116169640730554,12.517482214453484,11.173046274319796,10.024748013864151,11.579525832585563,11.529231466085802,12.391373617466375,11.837456741763848,11.45194595767218,10.172792797695077,0.11497044759752977,0.14251270272743158,0.0,0.07461075717831596,0.16079258377798378,0.0,0.062458949196338265,0.0,0.08812314127112866,0.00759408075249789
37,11.278101618049373,0.8924903881056702,0.08559510405271034,12.042158883906993,12.517482214453484,10.99719591669017,9.827748321059607,10.882197596894656,11.529231466085802,12.08063088617555,11.837456741763848,11.36333113350727,9.703583019956342,0.07884240201762258,0.20012276090684858,0.13763094267554674,0.05198359301451778,0.05285398894754527,0.0,0.052087230878211446,0.13907306780259496,0.14335705428421608,0.0
38,11.170762648546908,0.9512938704751788,0.0855354818886909,12.042158883906993,12.517482214453484,10.509915490123102,9.827748321059607,10.572503217900053,11.529231466085802,12.031378537703887,11.837456741763848,11.267517174738162,9.572234437734158,0.08175021611864375,0.19499819673209043,0.1581970938600653,0.012672468657878367,0.01241767787548733,0.12015193171038376,0.013939517548602577,0.12482074116025543,0.13640697522350193,0.0
39,10.991054398694025,0.8904266565756678,0.0939445314403787,11.532827707387145,12.021899814456617,10.509915490123102,9.381877788892037,10.572503217900053,11.5152798661006,11.72372226288409,11.812766226724296,11.267517174738162,9.572234437734158,0.0013940805972672322,0.16966372650428066,0.18299463883916897,0.0,0.011057446407343357,0.16847715353115822,0.11575079800484199,0.09395678196017923,0.07814028327956739,0.11801040527998012
40,10.662331145543913,0.9810444777455619,0.06331529036182326,11.120384630661714,11.859099820328385,10.509915490123102,8.75075969532727,10.572503217900053,11.144292289123603,11.72372226288409,10.676843483070426,11.223160502621475,9.042630063399006,0.0,0.1062647434431095,0.19652930411220315,0.0,0.0,0.11982188284054007,0.07408695588516782,0.06708230808636458,0.03871930642886599,0.030648402821981408
41,10.442137607032157,1.002662093623881,0.08421165101804282,10.905257813412156,11.859099820328385,10.509915490123102,8.75075969532727,10.572503217900053,11.144292289123603,11.086097853585642,10.676843483070426,10.47073816832029,8.44586823913063,0.0,0.06248090352106641,0.21463414753198076,0.0831720597718158,0.10815408169402396,0.0944636268786714,0.15221472245674691,0.1269409655452031,5.6002780919735375e-05,0.0
42,10.388275058634955,1.0071464697010821,0.058474267511912925,10.826160633613798,11.816995179130569,10.509915490123102,8.75075969532727,10.420306597208711,11.05172035504754,11.086097853585642,10.676843483070426,10.40567269134479,8.338278607897685,0.0,0.03276163934130311,0.10843633243687581,0.0408154099245319,0.04666344374120017,0.018733795956457168,0.17315855475836933,0.16417349896039177,0.0,0.0
43,10.241652261508978,1.0193522903949324,0.06345773209045205,10.826160633613798,11.287637045512975,10.452082037472827,8.301177738407526,10.375311719177693,11.05172035504754,11.086097853585642,10.585967783293265,10.112088841080839,8.338278607897685,0.01732540488493024,0.0022702177628956886,0.08571750772956649,0.11810076691797457,0.0009146972728660708,0.1044050374373127,0.14098020119732407,0.05207917110402074,0.11278431659762986,0.0
44,10.119737440038037,0.9638226826975613,0.06657038564838784,10.568548795528297,11.04489338151604,10.312501779923927,8.301177738407526,10.342284647538593,10.778936724445616,11.086097853585642,10.585967783293265,9.838687088243775,8.338278607897685,0.022485955386289766,0.10172393567212958,0.11087315427108231,0.0793493565499815,0.0,0.07605586341310289,0.1106660407864041,0.013641309144508947,0.030692315157359214,0.12021592610302007
45,9.92258662166246,0.9451005409435439,0.05449207395447405,10.086690637279759,11.04489338151604,9.435421649309031,8.301177738407526,10.016507354436108,10.730409865085846,11.068706409433824,10.387414564685614,9.838687088243775,8.315957528227079,0.11894246106448476,0.012438222857647735,0.060025599475580706,0.051299524500203385,0.09972035368427785,0.042607095834080004,0.07783254020668842,0.0,0.0,0.08205494192177767
46,9.788077580153265,0.9059211431714685,0.04739706911871196,10.086690637279759,10.987117514574887,9.391814262763626,8.20162382548106,10.016507354436108,10.519146775916631,10.848519123624738,9.714911487673326,9.838687088243775,8.275757731538736,0.14889341301649017,0.0,0.02156545661175991,0.022023937025023293,0.05460789556981554,0.04045760611019998,0.05169116439500183,0.0,0.10278253444117313,0.0319486840176557
47,9.48734915188772,0.7223214843622308,0.05670434655684177,10.086690637279759,10.211974334724534,9.391814262763626,8.06745369144377,9.796476391807337,9.83420596472551,10.214762051229172,9.714911487673326,9.279444965691443,8.275757731538736,0.1891715605737666,0.0,0.0,0.02609873482094406,0.0289156431215336,0.02114704502002116,0.0,0.11774951275088107,0.04143822702558875,0.14252274225568237
48,9.434600573820713,0.6936324533626307,0.06741402273574434,9.721409680115965,10.211974334724534,9.391814262763626,8.06745369144377,9.634271568301067,9.83420596472551,10.214762051229172,9.714911487673326,9.279444965691443,8.275757731538736,0.1212118351662246,0.1311412776283059,0.0,0.0031423975253696964,0.0,0.11643342722600795,0.11641887215831842,0.07522902621415156,0.0,0.11056339143906531
49,9.297674750392297,0.7136134139341032,0.07338424044029099,9.721409680115965,10.059942676135528,8.64465923666251,8.06745369144377,9.385307287473376,9.83420596472551,10.214762051229172,9.560826484810342,9.279444965691443,8.208735465635352,0.12916341113775867,0.11700204191639746,0.003154488565339738,0.004338331211623892,0.0,0.08946447160725228,0.13690867280297997,0.04348994688228427,0.10165746781115675,0.10866357246811692
50,9.016671578838835,1.0299978981888223,0.06704383465723611,9.2790074367742,9.796825784341387,8.64465923666251,6.435871908577024,8.912376489941417,9.83420596472551,10.214762051229172,9.560826484810342,9.279444965691443,8.208735465635352,0.035839397955893165,0.0948843152557818,0.13493457978828635,0.0,0.010214414727736487,0.061493701200232544,0.030931583110198765,0.13291182665247347,0.06761062927030619,0.10161789861145235
51,8.938874263815462,1.0401792478601875,0.08613030718731467,9.2790074367742,9.796825784341387,8.64465923666251,6.435871908577024,8.73372423607647,9.83420596472551,10.214762051229172,9.560826484810342,8.811174704469146,8.077684830488854,0.1300199260683912,0.0299611379066624,0.13986951758433894,0.1288343881310559,0.11765828656663319,0.020039969034401296,0.09482388391092622,0.10645761984894865,0.038166821572656516,0.055471521249132516
52,8.934428795966205,1.0364315658821597,0.07522337825350849,9.2790074367742,9.796825784341387,8.64465923666251,6.435871908577024,8.73372423607647,9.78975128623296,10.214762051229172,9.560826484810342,8.811174704469146,8.077684830488854,0.11466168351034946,0.011406023149630046,0.136021725292759,0.11071760957277486,0.06818790293183337,0.13360650221598383,0.026973880384529983,0.09292908179217618,0.022144691225951457,0.035584682459096746
53,8.796270598901373,0.949261510088638,0.07464181389990558,9.2790074367742,9.374951821447237,8.64465923666251,6.435871908577024,8.73372423607647,9.71528899982227,9.563918372751651,9.536570648616314,8.811174704469146,7.867538623816893,0.035557424246687494,0.1271062591620687,0.19145825563632538,0.13976267218312688,0.13395716123636478,0.023897616158463933,0.0,0.07008826505773283,0.0,0.024590485318285817
54,8.587966005396744,1.0026532093723488,0.06252948480414183,9.2790074367742,9.333890649576732,8.450971054800814,6.435871908577024,8.73372423607647,8.995958280402542,9.563661324905047,9.335887392169422,8.78479004712398,6.965897723561209,0.01358027919067414,0.06611939617884995,0.06942567880035501,0.14866349296958883,0.15322634159605764,0.0,0.0,0.03722854575237272,0.0,0.13705111355351998
55,8.477531167654115,0.9856778936256888,0.08645608271619372,9.007849875609349,9.333890649576732,8.450971054800814,6.435871908577024,8.230176978888807,8.995958280402542,9.563661324905047,9.335887392169422,8.455146488050199,6.965897723561209,0.002007595951873658,0.03400975707353475,0.14148092809811166,0.18308035377241125,0.19665375002628868,0.006664436521042781,0.019105050336069795,0.0012585846872031554,0.13971699182620667,0.1405833788691947
56,8.316109983648989,1.0305389026309053,0.059689243706288864,8.93659481987873,9.333890649576732,8.450971054800814,6.435871908577024,7.670996503938101,8.995958280402542,9.126489652900482,9.238974104262184,8.455146488050199,6.5162063741030885,0.008479872701610878,0.029126096309378284,0.14264936940195302,0.04250495108645822,0.07194224820623228,0.12437266567890577,0.011944556304555416,0.007167033371861175,0.10684548522801901,0.05186015877391457
57,8.159028536722449,0.9988067200395475,0.053549042445532824,8.492687285752565,8.857928134916246,7.956510307385669,6.435871908577024,7.670996503938101,8.995958280402542,9.126489652900482,9.238974104262184,8.455146488050199,6.35972270103947,0.00673572127560991,0.01965034541910359,0.16169271433123797,0.0,0.04071254612469485,0.19621865729265528,0.011487043435074012,0.005946118342122985,0.09151730604085342,0.0015299721939762243
58,8.04531831648473,0.9646570590585135,0.08955881582486065,8.492687285752565,8.857928134916246,7.956510307385669,6.258709115700132,7.670996503938101,8.801165678376027,8.361342845426705,9.238974104262184,8.455146488050199,6.35972270103947,0.10580615089842146,0.12471635143290907,0.14865224522850337,0.0,0.03205223859513854,0.07685103788525513,0.0,0.10427388877494254,0.16508063484525923,0.138155610588177
59,7.926026962622632,0.9250517353371187,0.12647899832028572,8.492687285752565,8.857928134916246,7.956510307385669,6.258709115700132,7.650894659625694,8.801165678376027,7.914381236758805,9.062410892509316,7.905859614162399,6.35972270103947,0.06795559681894622,0.1607092834434852,0.1361274319274593,0.0011070549963159485,0.12108316383055287,0.13338574306140338,0.14101406715354517,0.14623553094366146,0.17614617990266107,0.18102593112482646
60,7.781360385658848,0.8304224781275756,0.09563213451634318,8.23145955058439,8.857928134916246,7.956510307385669,6.254562351054322,7.4954350656021145,8.49535480537827,7.914381236758805,8.394507122134474,7.905859614162399,6.3076056686118065,0.025632265011641873,0.18571448867315712,0.17163988463510488,0.009629504000029156,0.13475423722117083,0.08394053837597312,0.15301978804425298,0.025169010903276914,0.07816964837002234,0.08865197992880243
61,7.759769608305101,0.8167892011484523,0.07826595128052274,8.23145955058439,8.809363096825791,7.956510307385669,6.254562351054322,7.442760119236166,8.380687016297172,7.914381236758805,8.394507122134474,7.905859614162399,6.3076056686118065,0.02679090055782257,0.07489787272570124,0.10749072745240536,0.020147803577412908,0.11677189427886839,0.005005060835437577,0.16886826208830463,0.14491177858019494,0.06622118927515713,0.05155402343392242
62,7.701607123043348,0.7881342120940397,0.05526476297376194,7.974839155586389,8.703188949270656,7.737679997321283,6.254562351054322,7.442760119236166,8.380687016297172,7.914381236758805,8.394507122134474,7.905859614162399,6.3076056686118065,0.12228171617238764,0.046014589256000195,0.011343730579080396,0.0,0.09380801822187339,0.0,0.05675026183408794,0.1742160772927553,0.02884645894930616,0.01938677743212833
63,7.632646628792669,0.8526282369544776,0.04378182775989277,7.974839155586389,8.562991215963821,7.617366284923303,6.2268639504237235,7.442760119236166,8.380687016297172,7.914381236758805,8.394507122134474,7.905859614162399,5.906210572440447,0.17813868901602184,0.00986320241894264,0.0,0.0,0.03540149915259594,0.0039405382816832465,0.02594481713643397,0.15291696595718096,0.014651028607592528,0.01696153702847657
64,7.591958453446013,0.8280817465413248,0.04782919414883286,7.974839155586389,8.367763521539246,7.617366284923303,6.2268639504237235,7.442760119236166,8.380687016297172,7.914381236758805,8.394507122134474,7.6942055551204085,5.906210572440447,0.09367294599071067,0.0,0.004631094672653484,0.1555272729102646,0.13090392548318575,0.0,0.02230890881289049,0.07124779361862361,0.0,0.0
65,7.504986769703416,0.8922383948176951,0.07666240996628941,7.974839155586389,8.367763521539246,7.617366284923303,5.767780033259019,7.362849718932303,8.072420563660152,7.914381236758805,8.394507122134474,7.6942055551204085,5.88375450512007,0.036281701480805346,0.11837206246984916,0.0,0.14283195007918958,0.08815713690890281,0.0,0.129963186174621,0.10939955032076776,0.1416185122287585,0.0
66,7.331260584472399,0.837895404674832,0.081851807431581,7.553015577876758,8.364981017373468,7.471549788883724,5.767780033259019,7.133633917811302,8.072420563660152,7.914381236758805,7.960092430562259,7.1909967734184335,5.88375450512007,0.0019785195585214663,0.06997366827781644,0.12196729359471432,0.06505208553704207,0.04771581271162631,0.14826483066369206,0.07052653664034783,0.04823562084650668,0.0972092663733656,0.14759444011217723
67,7.206921207894823,0.8201766350442585,0.08322723454077594,6.9183362037454454,8.281182245538758,7.471549788883724,5.67399608327732,7.133633917811302,8.072420563660152,7.852576985085577,7.5907650124074575,7.1909967734184335,5.88375450512007,0.12061398377257351,0.048723011540360184,0.14483027414676797,0.051138479890382886,0.031675530003198483,0.1344860621824042,0.013543381658578905,0.0,0.1534762610505316,0.1337853611629616
68,7.091087750822522,0.8381252137815327,0.08613599621835719,6.432843334042424,8.281182245538758,7.471549788883724,5.67399608327732,6.850864268282102,8.072420563660152,7.629159042535219,7.5907650124074575,7.024342664477995,5.88375450512007,0.024922449080957042,0.14473309634791914,0.196542576062396,0.0294399729467309,0.1637242969767467,0.04770580550045982,0.0,0.0,0.19138147769274377,0.06291028757561869
69,7.044528756056321,0.7870401332503529,0.09407364050650201,6.432843334042424,8.04620010679141,7.471549788883724,5.67399608327732,6.850864268282102,7.9779549958103395,7.493016801470372,7.5907650124074575,7.024342664477995,5.88375450512007,0.0003402186270548542,0.08847335493456204,0.19348972642831058,0.14318448195595773,0.15054680862007372,0.1377422088776426,0.0,0.0,0.18826108280557505,0.038698522815843475
70,6.897092055424659,0.8002856468296293,0.07734026411549486,6.432843334042424,8.04620010679141,7.471549788883724,5.67399608327732,6.850864268282102,7.31172642259328,7.2153395998326815,7.5907650124074575,6.989693374877071,5.387942563259109,0.0,0.05693224604388891,0.1878483395615274,0.17091615648410857,0.052725844293007335,0.04433547659276287,0.015598799861698995,0.017944460763377044,0.20087697465051235,0.026224342904065084
71,6.813321852999148,0.7352834674562375,0.07537869631521851,6.432843334042424,7.66656205406597,7.329336857498834,5.67399608327732,6.631673235986849,7.31172642259328,7.2153395998326815,7.494105004557941,6.989693374877071,5.387942563259109,0.11464379151634298,0.02130717751675654,0.12288951627517232,0.21085266929412397,0.013906162468998607,0.05053069970191518,0.0,3.0993766626152316e-05,0.21257411124647954,0.007051841365769826
72,6.777928522112741,0.7375336502289493,0.09783467966676945,6.2518337433067295,7.66656205406597,7.229250487093514,5.666645656510227,6.631673235986849,7.31172642259328,7.149852678876719,7.494105004557941,6.989693374877071,5.387942563259109,0.10118045807957689,0.0,0.03756243561825979,0.13704714596669132,0.0,0.16547372086435483,0.14706973527712536,0.13503550569792236,0.10032015427955938,0.1546576408842045
73,6.7442130580305655,0.7110902192647999,0.07344564665756895,6.2518337433067295,7.66656205406597,7.229250487093514,5.666645656510227,6.631673235986849,7.296644353694729,7.149852678876719,7.176753947804491,6.984971859707324,5.387942563259109,0.05272277009641759,0.008561119075156753,0.03244630477222701,0.12183076922141148,0.0,0.103796846312293,0.13660157009090088,0.04845922014798486,0.08305801348847137,0.14697985337082653
74,6.7087843965937655,0.7022047870264232,0.04778474721587082,6.2518337433067295,7.604115987593463,7.174895073276698,5.666645656510227,6.454776967724584,7.296644353694729,7.149852678876719,7.132253732573314,6.975478211624102,5.3813475607570815,0.010906755041428937,0.0,0.011306044355851178,0.07632129837756209,0.017946635723345136,0.07755490741285287,0.0632993338861362,0.15758228179183012,0.016015759130657517,0.04691445643904421
75,6.619265256741421,0.6607186478223797,0.08107973518526643,6.2518337433067295,7.308886520145558,7.174895073276698,5.666645656510227,6.261813143847096,7.296644353694729,7.149852678876719,6.725255625375281,6.975478211624102,5.3813475607570815,0.0987387853395888,0.12869657754580827,0.12735229053845937,0.047445258933284176,0.1295650299563933,0.058937603357529414,0.02242706120913124,0.18467788347644287,0.0,0.012956861496026867
76,6.463340054132955,0.7145376238331391,0.07985218660798721,6.2518337433067295,7.0930992924885015,6.689139736245291,5.573247095966327,6.261813143847096,7.230019485846206,7.149852678876719,6.725255625375281,6.791187901950851,4.867951837426549,0.061267542544390936,0.03767483662046986,0.14870791605669137,0.03334731267915586,0.1643469737426467,0.025986821304254313,0.14160426465780035,0.1855861984744627,0.0,0.0
77,6.420509324192379,0.7013895926615374,0.08811048113668944,6.2518337433067295,6.827061937061059,6.689139736245291,5.568776023468079,6.104014272367021,7.230019485846206,7.149852678876719,6.725255625375281,6.791187901950851,4.867951837426549,0.13510505782436796,0.144995587204089,0.04189928918703964,0.03709498885047047,0.11224353343634545,0.03881099835396556,0.15030224739678005,0.1713280255074599,0.019274351175354715,0.030050732431021618
78,6.364304109763988,0.677264989203813,0.08172439296362048,6.100958131601455,6.827061937061059,6.689139736245291,5.568776023468079,6.104014272367021,7.230019485846206,6.934378390030782,6.725255625375281,6.595485658218152,4.867951837426549,0.014130103052894017,0.147601001595974,0.0,0.02051349043802725,0.1456971456851462,0.01999482280374193,0.18775285737459657,0.1035393762796734,0.14882871430324987,0.029186418102901682
79,6.31524366186682,0.6778726989832644,0.08647725941184663,5.905278669492336,6.827061937061059,6.5839824482656795,5.568776023468079,6.104014272367021,7.230019485846206,6.934378390030782,6.550109901932462,6.595485658218152,4.8533298319864215,0.0,0.18208895238117545,0.0,0.004920399090237525,0.14805980028613666,0.16192646078561035,0.0940689817059784,0.019527683510079507,0.09063727297844834,0.1635430433808001
80,6.291745810866621,0.6882803033199392,0.10208817074315706,5.731485441640146,6.827061937061059,6.5839824482656795,5.568776023468079,6.104014272367021,7.230019485846206,6.934378390030782,6.4889246197826616,6.595485658218152,4.8533298319864215,0.0,0.19175134975440236,0.0,0.17236511137694074,0.1387996463266845,0.1791280268868935,0.07763986556630956,0.0,0.02624123785325444,0.23495646966708558
81,6.26696135498186,0.712060177253205,0.10656137315598149,5.483640882792546,6.827061937061059,6.5839824482656795,5.568776023468079,6.104014272367021,7.230019485846206,6.934378390030782,6.4889246197826616,6.595485658218152,4.8533298319864215,0.0,0.2025759591068379,0.0,0.15633870586493237,0.059461976683218884,0.17219412012538254,0.05604056248487874,0.015782291651459515,0.14327912427202538,0.25994099137107957
82,6.216566996873336,0.690318299619589,0.10032666896308921,5.4137223697150745,6.658505781778793,6.5839824482656795,5.568776023468079,6.104014272367021,7.230019485846206,6.79506416223432,6.4889246197826616,6.469330973289107,4.8533298319864215,0.022412454929426617,0.10630511826600607,0.027940669864290415,0.15750989185749917,0.02731515960211318,0.20487743040525566,0.03426290229142993,0.02418927933847665,0.1308753383972322,0.2675784446791622
83,6.129598652489023,0.7254493468818425,0.06599737105335551,5.11217595804991,6.658505781778793,6.5839824482656795,5.568776023468079,5.986246735264853,7.230019485846206,6.79506416223432,6.038555124706871,6.469330973289107,4.8533298319864215,0.029147600440333345,0.01997531979898229,0.03843595467002717,0.16418998140690572,0.004748251242252583,0.10962502081346963,0.02715226595789589,0.0,0.11474890655300847,0.15195040965068
84,6.032593171030106,0.6455248499225217,0.0900532980271525,5.11217595804991,6.36500062136232,6.321995034299238,5.568776023468079,5.986246735264853,7.009069690032291,6.642660635633465,5.997346206915374,6.469330973289107,4.8533298319864215,0.1719559329689977,0.0023513359417396567,0.16067000877601129,0.16280620147640779,0.0,0.1539424976739323,0.014163486837297514,0.0017176130212507227,0.10402681865579069,0.1288990849200974
85,5.9973762006684845,0.6548324823193825,0.09243661739110084,5.11217595804991,6.2805933516088075,6.321995034299238,5.354442783892853,5.986246735264853,7.009069690032291,6.589231441345984,5.997346206915374,6.469330973289107,4.8533298319864215,0.19504747161093533,0.014356386768292591,0.15729771221385375,0.07677839764868986,0.1496003514345067,0.09452122225841306,0.028303520226978778,0.0,0.148656209743233,0.05980490200610533
86,5.995492381172465,0.6548569552881304,0.08308719365688497,5.11217595804991,6.2805933516088075,6.321995034299238,5.354442783892853,5.986246735264853,7.009069690032291,6.589231441345984,5.978508011955178,6.469330973289107,4.8533298319864215,0.22739691060010617,0.0,0.17064884892358617,0.06022641021813798,0.08133983949896509,0.07541466182456588,0.006458025878725481,0.0,0.1676806912970051,0.04170654832775776
87,5.9288427804520385,0.590342504188016,0.0829578798832182,5.11217595804991,6.2805933516088075,6.279304645496502,5.354442783892853,5.986246735264853,6.8088317046627544,6.281197157333775,5.978508011955178,6.353797624269323,4.8533298319864215,0.2516786709085825,0.005071211343198457,0.10391888731666217,0.04250255811952468,0.04724812104281202,0.04119891024691347,0.0,0.033483012382824966,0.16432896085200577,0.14014846661965824
88,5.828358344458983,0.5223347211629576,0.0821531188632138,5.11217595804991,6.222975497030298,5.854380889538774,5.338553244530509,5.9762374668073655,6.432081133963706,6.281197157333775,5.858854641079741,6.353797624269323,4.8533298319864215,0.1401198557261754,0.0,0.17213215005928953,0.17916185115695696,0.0045569867758832264,0.031255267451271794,0.1556394543948927,0.011139397212620316,0.06740571156465149,0.060120514290396575
89,5.8157922059371865,0.535317334799923,0.0919726508772525,5.11217595804991,6.222975497030298,5.854380889538774,5.212891859312542,5.9762374668073655,6.432081133963706,6.281197157333775,5.858854641079741,6.353797624269323,4.8533298319864215,0.1814593223237681,0.0,0.16808078633911658,0.05557332034384741,0.1403210556385874,0.008902779082093512,0.1428818491932025,0.1744554679938091,0.03568659725679707,0.012365330601303282
90,5.764592055776118,0.5242325681372548,0.07715451891936877,5.11217595804991,5.74896067292358,5.854380889538774,5.212891859312542,5.9762374668073655,6.432081133963706,6.2796719584908125,5.858854641079741,6.353797624269323,4.816868353325436,0.14007664042632345,0.02880387739922837,0.11747933812165418,0.016239646150221047,0.1580467240806801,0.14488790706678656,0.06011128209184524,0.07237554989849182,0.03352422395845681,0.0
91,5.737724242873176,0.5175123346036359,0.08291243713640586,5.11217595804991,5.726633463770106,5.854380889538774,5.152624761949792,5.9762374668073655,6.351149325505311,6.197923213869579,5.858854641079741,6.353797624269323,4.79346508389186,0.14040885865587993,0.01963378351888914,0.1530306049064989,0.0,0.16670213723349392,0.14987414579487027,0.1472575444249373,0.027258603288214427,0.006175550741243241,0.0187831428000317
92,5.720470712830413,0.5071737211912007,0.0906717101843278,5.11217595804991,5.654412705057812,5.854380889538774,5.152624761949792,5.9762374668073655,6.351149325505311,6.174208555788599,5.858854641079741,6.277197740634968,4.79346508389186,0.18663261676927423,0.030452794588047078,0.15673957084833973,0.0,0.1700980957630989,0.1503296422437389,0.05011929381501765,0.15924646063182465,0.0,0.003098627183936853
93,5.720213096560861,0.5069437841233442,0.12898714125712205,5.11217595804991,5.654412705057812,5.854380889538774,5.152624761949792,5.9762374668073655,6.351149325505311,6.171632393093077,5.858854641079741,6.277197740634968,4.79346508389186,0.17958694375141152,0.026609735673034318,0.16187283679834466,0.019758313941880948,0.2032233245911442,0.14286947013616227,0.02779598174972808,0.1918469079619301,0.15928430771418298,0.17702359025340136
94,5.656850030745434,0.48629621177042753,0.1340259363918161,5.11217595804991,5.654412705057812,5.559220801163903,5.111481745024047,5.9762374668073655,6.351149325505311,6.032455881923386,5.801799126951572,6.1761022130791865,4.79346508389186,0.18443534733979464,0.004250355704364297,0.21248557604594426,0.1405482206382833,0.1336975067955425,0.17759643643961137,0.01955029248813879,0.195062938291421,0.09294423431486858,0.17968845586019244
95,5.615875402474037,0.5019366260148497,0.10861789752534974,5.11217595804991,5.601834713393881,5.559220801163903,4.90598965316622,5.9062302928426185,6.338289059586543,5.981541882088578,5.783904367477678,6.1761022130791865,4.79346508389186,0.09368909324226281,0.14028903135399096,0.11763651861694174,0.1693913376205321,0.11056684947926487,0.0661590046844241,0.030644718891955282,0.11769252336223825,0.03275102134111372,0.20735887666077338
96,5.607502751034512,0.4931431035103037,0.1120475060087391,5.11217595804991,5.601834713393881,5.559220801163903,4.90598965316622,5.9062302928426185,6.338289059586543,5.981541882088578,5.783904367477678,6.0923756986839415,4.79346508389186,0.17308972282519355,0.1999348324354798,0.0728899224337007,0.1711275245224829,0.09519845737801878,0.031579634097991215,0.03207524230260875,0.09940778670153673,0.04311780985722728,0.20205412753315127
97,5.587244864090717,0.5080413311105805,0.11067345081952037,5.078962763117445,5.524587845743021,5.559220801163903,4.90598965316622,5.9062302928426185,6.338289059586543,5.981541882088578,5.762200962325277,6.0923756986839415,4.723049682189632,0.20315315077218118,0.2288697155763931,0.07076034796226945,0.20853074658056062,0.04841009508666683,0.008941556331361311,0.15508606026342406,0.050166013879129154,0.03058987113598149,0.10222695060723656
98,5.500206254226209,0.49731481500819075,0.11694161285006219,5.018688186935627,5.524587845743021,5.323671556481546,4.90598965316622,5.720279973499359,6.338289059586543,5.777570390350764,5.615727411188853,6.0923756986839415,4.684882766626213,0.11108738134009863,0.2223735678630931,0.06584743019678482,0.1300533302115141,0.022150334244825855,0.1623424578841358,0.1727036488486589,0.03735133827984593,0.14070166547351637,0.10480497415814857
99,5.481185448323953,0.5073047633953386,0.11970117678822664,5.018688186935627,5.524587845743021,5.323671556481546,4.801942628116986,5.6341189395260365,6.338289059586543,5.777570390350764,5.615727411188853,6.0923756986839415,4.684882766626213,0.0998100777320669,0.25792921046214984,0.06086204744232982,0.07602961320493337,0.0,0.10184547890125949,0.1768747167172537,0.03657008761456453,0.2085815900784311,0.17850894572927772
100,5.442234607726929,0.4823354565673102,0.1210904584686822,4.926119635699134,5.524587845743021,5.323671556481546,4.801942628116986,5.6341189395260365,6.285969794308702,5.777570390350764,5.615727411188853,5.847755109228029,4.684882766626213,0.08576198253125976,0.2679228112063631,0.06100866079638947,0.06796865157190901,0.0,0.05477917513736699,0.18289482321791814,0.1661461015161901,0.22829304791330904,0.0961293307961165
101,5.412017088146368,0.4723056292605619,0.08346064607004913,4.926119635699134,5.386100006755331,5.323671556481546,4.801942628116986,5.6341189395260365,6.285969794308702,5.613883033532844,5.615727411188853,5.847755109228029,4.684882766626213,0.03517875503234264,0.15523179873465098,0.035889873542387284,0.049344019661397835,0.018452020513137293,0.0279710202664101,0.09009404154777827,0.1632403842929159,0.20941694162140492,0.049787605488066156
102,5.358499890864417,0.5059456207471932,0.10864221184389963,4.926119635699134,4.976060019186772,5.323671556481546,4.676810642866027,5.6341189395260365,6.285969794308702,5.613883033532844,5.615727411188853,5.847755109228029,4.684882766626213,0.13734182901034547,0.20725205705220318,0.1747060223741849,0.03764902237978525,0.026031798504797705,0.0,0.0729232508905237,0.1716642407046627,0.2275190262421841,0.03133487128030951
103,5.30065677876348,0.5000691245302842,0.08540959240569287,4.839781678708157,4.783565605608725,5.323671556481546,4.676810642866027,5.6341189395260365,6.2147026374645264,5.613883033532844,5.561235415107117,5.67391551171362,4.684882766626213,0.0658635098486518,0.13368210215416104,0.18633343505767305,0.025480446471739245,0.14948566442835265,0.004484258677734908,0.053464132501688494,0.09906331958793761,0.10483249479086576,0.03140656053812426
104,5.2912825708062545,0.5120417497103807,0.09263255502365536,4.839781678708157,4.783565605608725,5.323671556481546,4.661263202604257,5.6341189395260365,6.2147026374645264,5.613883033532844,5.561235415107117,5.67391551171362,4.606688127315724,0.046983704173291896,0.06348922919406842,0.18881449611037932,0.032995641487347564,0.13872895442268143,0.1296356342304965,0.16239867640726188,0.07768981362087005,0.046541189470129314,0.03904821112002716
105,5.2563731965508875,0.49134642440011983,0.07897234295172703,4.839781678708157,4.783565605608725,5.323671556481546,4.661263202604257,5.6341189395260365,6.130417504943857,5.598169991187223,5.561235415107117,5.477395737161686,4.554112334180267,0.0256865989403999,0.03931239777024402,0.21091713652228003,0.03974673060179717,0.14155613788436291,0.11429906346431373,0.11062389267528656,0.06847702324529106,0.01352447777859875,0.025579970634696046
106,5.220750617770305,0.48656713275230595,0.08725291454083572,4.839781678708157,4.71873566653143,5.323671556481546,4.661263202604257,5.6341189395260365,6.130417504943857,5.598169991187223,5.459479912976185,5.287755390564087,4.554112334180267,0.030827052537555376,0.033246355963954706,0.23923354584592024,0.15960128863755704,0.2034605167342844,0.05745958474798751,0.042063986737414225,0.05483788705663931,0.016126328884330736,0.03567259826271375
107,5.190994683301779,0.5105215986692115,0.0748838908363182,4.57409027538619,4.71873566653143,5.323671556481546,4.661263202604257,5.6022509981627415,6.130417504943857,5.598169991187223,5.459479912976185,5.287755390564087,4.554112334180267,0.14639743262280913,0.005149948158246741,0.12833733076551748,0.1686310594665821,0.09752652580530059,0.13687295202474384,0.007448513545566051,0.03240454013566772,0.006163848121117307,0.019906757717631115
108,5.175977046439208,0.49935626049385723,0.08927037236227084,4.57409027538619,4.71873566653143,5.323671556481546,4.661263202604257,5.548996580722122,6.130417504943857,5.501248040002132,5.459479912976185,5.287755390564087,4.554112334180267,0.12992482106621195,0.013477942022420236,0.17923215282916313,0.20409531708157813,0.05509986600461281,0.1128048264100448,0.0,0.03644333515702805,0.002371180730578547,0.15925428232107075
109,5.15429042611826,0.4957516845543722,0.09820311468098378,4.57409027538619,4.652460741670698,5.213635554865615,4.661263202604257,5.548996580722122,6.089862228211043,5.501248040002132,5.459479912976185,5.287755390564087,4.554112334180267,0.13775033415384172,0.1483815825715801,0.11062013718066116,0.1914108889987495,0.0460318076017365,0.09277197646322373,0.021862320109136336,0.03943442954564675,0.0,0.1937676701852619
110,5.146388968859098,0.4899694152775759,0.13665786185750645,4.57409027538619,4.652460741670698,5.213635554865615,4.661263202604257,5.474483136064475,6.089862228211043,5.4967469120681685,5.459479912976185,5.287755390564087,4.554112334180267,0.147700058794791,0.13617779160316032,0.0887170009522542,0.2173637035719167,0.18223566464392835,0.09003898918856733,0.17515660015039877,0.14844818382875896,0.0,0.18074062584128894
111,5.129317007619005,0.4814645888395512,0.14096967963176274,4.57409027538619,4.652460741670698,5.198548479299564,4.661263202604257,5.318850599229592,6.089862228211043,5.4967469120681685,5.459479912976185,5.287755390564087,4.554112334180267,0.22004641467637862,0.17698918626780602,0.07955987000376886,0.10639592225923558,0.09629800119311113,0.15354952836719288,0.18509855742412404,0.19318784267402192,0.0,0.1985714734519885
112,5.0724689865041,0.44575939280571664,0.13091188617374397,4.57409027538619,4.652460741670698,5.198548479299564,4.530500570598381,5.318850599229592,5.856423162464985,5.454448852123864,5.431339601501733,5.175860156349671,4.532167426416329,0.10880445566762463,0.17997568006139428,0.054578942665441575,0.18182237903973372,0.07245109633917081,0.07606465658293678,0.18010832282431868,0.21324626189396476,0.15029857222104387,0.0917684944418105
113,5.0219839127280546,0.46360557713990413,0.1193162464641733,4.57409027538619,4.578952560671578,4.961036339352983,4.530500570598381,5.318850599229592,5.856423162464985,5.454448852123864,5.431339601501733,5.0945894490406225,4.419607716910612,0.06531868290798128,0.19547764951783583,0.023450868843210182,0.11402302315649816,0.14514132584078135,0.06199619899652035,0.18559387507952577,0.2344574762014226,0.08876223810003975,0.0789411259979179
114,4.997912887910869,0.44974631957375116,0.10558417400240364,4.57409027538619,4.578952560671578,4.961036339352983,4.530500570598381,5.318850599229592,5.856423162464985,5.308078460584529,5.418408349195069,5.013180844714768,4.419607716910612,0.17064239783541588,0.08571084549256505,0.004977006309295306,0.17255828593348832,0.1642297159594441,0.02220966221340839,0.2095006236327817,0.11510675902121173,0.05110182419986938,0.05980461942655653
115,4.98335791870729,0.46516049428962447,0.10123429864144824,4.57409027538619,4.433402868635785,4.961036339352983,4.530500570598381,5.318850599229592,5.856423162464985,5.308078460584529,5.418408349195069,5.013180844714768,4.419607716910612,0.08903467661541986,0.07042122896150914,0.0,0.17856124376481827,0.1720223226871263,0.024042340271321794,0.09053794904902063,0.18456652990587896,0.1621909726487568,0.040965722510630465
116,4.938075499167452,0.40837684116604267,0.1079022730525446,4.57409027538619,4.433402868635785,4.961036339352983,4.530500570598381,5.193017981734759,5.645861393568985,5.308078460584529,5.309006998646648,5.006152386255639,4.419607716910612,0.06138913495308483,0.0513723288814565,0.14646791961798372,0.19748477039664128,0.22224117805285595,0.025089493311912375,0.037983083596411456,0.124008414612591,0.19354549501954937,0.01944091208295959
117,4.9112922881038195,0.40707954162654925,0.10127193960728295,4.503949164365171,4.433402868635785,4.961036339352983,4.530500570598381,5.193017981734759,5.600703951805308,5.308078460584529,5.309006998646648,4.85361882840402,4.419607716910612,0.040913436737051695,0.03789611323944953,0.1929901352830617,0.1802073777002781,0.21655358113950735,0.004235418269989126,0.01292211154782812,0.11700205336028893,0.20598625357870762,0.004012915216667432
118,4.880675086021893,0.4014015814863294,0.09274777580368467,4.503949164365171,4.392404095267143,4.961036339352983,4.530500570598381,4.929509386876145,5.600703951805308,5.308078460584529,5.309006998646648,4.85361882840402,4.417943064318589,0.023883604288372495,0.010650403088768407,0.22842481220730665,0.08481117365181302,0.11838233385742483,0.0,0.0010099294374133927,0.2269356591053458,0.21518616500876714,0.0181936773916348
119,4.872278574531025,0.4051414449698405,0.10304369875436062,4.473156771106467,4.383191959186547,4.961036339352983,4.530500570598381,4.8855488013067685,5.600703951805308,5.308078460584529,5.309006998646648,4.85361882840402,4.417943064318589,0.03887032754207478,0.1360364128693068,0.2583839587865938,0.06967178507716822,0.07150727671329168,0.0,0.012018053663717502,0.22954525599917128,0.18279593046991688,0.031607986422365016
120,4.822568958018867,0.3422937614035122,0.09208670458655052,4.473156771106467,4.383191959186547,4.927725880243134,4.528424210927614,4.8855488013067685,5.2228173714678015,5.243695180829093,5.309006998646648,4.85361882840402,4.398503578070574,0.012820680866811287,0.06087245263645585,0.24974366367733705,0.057647817871562174,0.05666409516436021,0.0,0.026928136611009137,0.2532355585563579,0.18765413192624075,0.015300508555370783
121,4.813526411172279,0.34056969432538664,0.09431909099137281,4.473156771106467,4.383191959186547,4.848522333626246,4.528424210927614,4.8855488013067685,5.2228173714678015,5.243695180829093,5.309006998646648,4.842396906555027,4.398503578070574,0.1361180171368288,0.016764223094925472,0.15945773430963753,0.04369494991057289,0.03822193085882978,0.12111266267633601,0.004696158149627132,0.29896568037669335,0.09002224508656778,0.034137308313709466
122,4.771187005002226,0.3627024612730089,0.09770219875757641,4.473156771106467,4.251760251885088,4.848522333626246,4.528424210927614,4.593586446907704,5.2228173714678015,5.243695180829093,5.309006998646648,4.842396906555027,4.398503578070574,0.1458094733807518,0.1599564399422884,0.054078534446697406,0.03309780121869284,0.022648493483870692,0.10714348302371073,0.024117443042501248,0.26463068175552024,0.15671474005618882,0.008824897225541889
123,4.730581714790061,0.35346561995203174,0.11252067768625376,4.473156771106467,4.251760251885088,4.5720088586212775,4.528424210927614,4.593586446907704,5.2228173714678015,5.150334830172355,5.309006998646648,4.806217830095083,4.398503578070574,0.1554983048828844,0.18112398323402573,0.04384976401595531,0.17139645024138178,0.04518103155506644,0.09724108200980754,0.006779290656380928,0.3164304518220309,0.106426053041142,0.0012803654038623738
124,4.722517189540613,0.3573973659518903,0.13627903036221534,4.473156771106467,4.251760251885088,4.5720088586212775,4.528424210927614,4.512941194413223,5.2228173714678015,5.150334830172355,5.309006998646648,4.806217830095083,4.398503578070574,0.19330659029111397,0.20260897186403717,0.02592139040777772,0.20953907931062576,0.029082233497527747,0.18004185349803575,0.15996178800970828,0.31782910291169086,0.04449929383163628,0.0
125,4.663947968034573,0.3645850851679079,0.11486206151026071,4.473156771106467,4.251760251885088,4.5720088586212775,4.528424210927614,4.512941194413223,5.2228173714678015,5.045053138152468,5.309006998646648,4.455604744912431,4.2687061402126965,0.08803531522479528,0.22261577176519712,0.011491576317454712,0.0962316724877744,0.010388902733641462,0.22540225140375136,0.1665964094206047,0.290822192971323,0.02327707515832416,0.01375944761974078
126,4.663947968034573,0.3645850851679079,0.12906038391474575,4.473156771106467,4.251760251885088,4.5720088586212775,4.528424210927614,4.512941194413223,5.2228173714678015,5.045053138152468,5.309006998646648,4.455604744912431,4.2687061402126965,0.07273154999376799,0.21118200975842458,0.022050924813233067,0.09769417811667484,0.15747018411485897,0.19670981876906446,0.18978853100561627,0.16094509653663905,0.03323680978703263,0.14879473625214554
127,4.589564800228854,0.36309082899773615,0.09012962320833248,4.473156771106467,4.251760251885088,4.3308989959353035,4.528424210927614,4.512941194413223,5.093771996604595,5.045053138152468,5.208835834004358,4.182099469046715,4.2687061402126965,0.052822227314193254,0.19392621056076545,0.029093770175182086,0.06934651801928733,0.08960204891607867,0.1189635263734945,0.06739901742922469,0.08674125523074647,0.009999710308110452,0.18340194775624202
128,4.561359651301446,0.35713868718453945,0.06893295462981869,4.473156771106467,4.251760251885088,4.3308989959353035,4.345968705544642,4.512941194413223,4.9941760127134955,5.045053138152468,5.208835834004358,4.182099469046715,4.2687061402126965,0.03241112372353324,0.09791034272363218,0.03925777554156756,0.05376809163047724,0.035102810192491216,0.10900235137545089,0.04777479249105152,0.17013021576922646,0.015355971570573295,0.08861607128018321
129,4.548898368603273,0.3403196741228441,0.07757108226007328,4.453234485854249,4.251760251885088,4.3308989959353035,4.3442690805838815,4.512941194413223,4.9941760127134955,5.045053138152468,5.107121678696789,4.180822707585527,4.2687061402126965,0.015618002157529223,0.07573567174875559,0.17035332041483034,0.15658896616211182,0.016022918559937233,0.05723120162134556,0.1595064214056589,0.06672470968209171,0.0,0.057929610848472514
130,4.527132704897491,0.3224989771690118,0.08046837839667195,4.453234485854249,4.251760251885088,4.3308989959353035,4.3442690805838815,4.512941194413223,4.803098734360503,5.045053138152468,5.107121678696789,4.154243348880701,4.2687061402126965,0.03348650072435625,0.03429540014038753,0.1966973200541122,0.15955046205992782,0.0377009910035543,0.04135897320755705,0.08551849629573897,0.0342336656932781,0.0,0.18184197478780725
131,4.509409972427164,0.3416125004573251,0.07527603318509427,4.453234485854249,4.196396512272454,4.3308989959353035,4.3442690805838815,4.512941194413223,4.803098734360503,5.045053138152468,5.102817651417041,4.0366837910698194,4.2687061402126965,0.012367876354402577,0.01760015044822828,0.19200909094154203,0.16603175006175563,0.02069298880468667,0.028075767712714216,0.059384332699094454,0.012083315033977518,0.1412171900399128,0.10329786975462864
132,4.496935255771933,0.33272888821956703,0.10371681535472332,4.453234485854249,4.196396512272454,4.3308989959353035,4.297455197932553,4.512941194413223,4.789905781633067,5.045053138152468,5.040807336668458,4.0366837910698194,4.265976123787741,0.16321601065325503,0.0,0.20559509071335264,0.16633080771948547,0.15010620154972298,0.03268556930867793,0.04275165558965821,0.03603465376615172,0.13674335972273335,0.10370480452419588
133,4.479538260105196,0.3141457344280729,0.11920410885288206,4.453234485854249,4.167408723161444,4.3308989959353035,4.29642389658374,4.512941194413223,4.789905781633067,5.045053138152468,4.896856470460904,4.0366837910698194,4.265976123787741,0.1846367227224674,0.02074014865817262,0.21127137888819691,0.18002518038585794,0.16360898652678857,0.04210150964052564,0.034620169365934,0.03604961655236359,0.2129629178621075,0.10602445792640657
134,4.446641539400474,0.3564297928514273,0.10398004142239696,4.453234485854249,4.167408723161444,4.3308989959353035,4.29642389658374,4.512941194413223,4.789905781633067,5.045053138152468,4.8508331095352375,3.753739944948262,4.265976123787741,0.1821762709155294,0.02119659530484472,0.10301906973202887,0.19249341858951696,0.20340487087524384,0.017095535090572912,0.013341106348285212,0.013190218169396915,0.18841427888525106,0.10546905031329969
135,4.430472920699178,0.3597081626180974,0.10972017974303794,4.453234485854249,4.167408723161444,4.3308989959353035,4.29642389658374,4.512941194413223,4.789905781633067,5.045053138152468,4.809367655936342,3.753739944948262,4.145755390373676,0.20614505049534643,0.019001076423086582,0.0761011050045974,0.20403507360862508,0.20162161352452004,0.13086077718896366,5.0325228218759934e-05,0.0,0.08715298874531366,0.17223378721170796
136,4.401293102529854,0.4065594705891716,0.09657754850935514,4.453234485854249,4.146405772390963,4.3308989959353035,4.273423988897541,4.488802074722155,4.789905781633067,5.045053138152468,4.809367655936342,3.5300837414027737,4.145755390373676,0.09402410068399199,0.015588801753779146,0.03541325375725887,0.08287090584122937,0.22704574738022698,0.11673909677360769,0.0006732078350455753,0.15270044093817958,0.03329218997367323,0.20742774015655896
137,4.37899633177138,0.38043587685783364,0.07795284802399045,4.453234485854249,4.146405772390963,4.3308989959353035,4.273423988897541,4.488802074722155,4.789905781633067,4.836150861120871,4.809367655936342,3.5160183108496352,4.145755390373676,0.08877624284872052,0.0007539939800729351,0.010878530947898117,0.06668074040799325,0.11706209768316815,0.10384219168267984,0.13889402884990684,0.1478132286522238,0.005306737021240524,0.09952068816600054
138,4.360464578521281,0.38131513323827954,0.08262340595964096,4.32936269391956,4.133552708623643,4.282306319136321,4.273423988897541,4.488802074722155,4.789905781633067,4.836150861120871,4.809367655936342,3.5160183108496352,4.145755390373676,0.050664008688910474,0.0,0.0,0.040062195005815766,0.0700828351412653,0.16886045450066126,0.14348120747372567,0.22523697967468193,0.036188746306112886,0.09165763280523628
139,4.360384478977051,0.38136287136358543,0.1002485646787912,4.32936269391956,4.132751713181332,4.282306319136321,4.273423988897541,4.488802074722155,4.789905781633067,4.836150861120871,4.809367655936342,3.5160183108496352,4.145755390373676,0.036072774748820736,0.027038757227707984,0.1353433285320935,0.041035478518008844,0.0612374268537353,0.20105005870107656,0.11903736225186332,0.1770092279624028,0.031681028934534256,0.17298020305766865
140,4.354622296101766,0.3942933539472582,0.0877423663065285,4.32936269391956,4.132751713181332,4.282306319136321,4.273423988897541,4.488802074722155,4.789905781633067,4.836150861120871,4.809367655936342,3.458396482096799,4.145755390373676,0.03024921059282976,0.013197368668600887,0.05900265643180622,0.0209564526116107,0.03701577682716226,0.19770900055924556,0.12646630244996188,0.09675760888263545,0.15790653768367194,0.1381627483577603
141,4.329716482455997,0.3807326088798035,0.07408669699715312,4.22143313201456,4.132751713181332,4.282306319136321,4.273423988897541,4.488802074722155,4.789905781633067,4.695022286568168,4.809367655936342,3.458396482096799,4.145755390373676,0.031002784557382094,0.0271073189923529,0.007086462832418131,0.017640243127752923,0.046896962213210325,0.08386870217755121,0.1726411785036059,0.10776639093161615,0.0646603864845359,0.1821965401511055
142,4.28297256011422,0.37723520430673574,0.08089115082542085,4.22143313201456,4.132751713181332,4.201804557394041,4.078179523697681,4.488802074722155,4.789905781633067,4.686413329543608,4.69008164271705,3.458396482096799,4.081957364141903,0.008382624212440022,0.13844578551642578,0.023964385764217062,0.0028779042241577728,0.03769852460555172,0.07919530510239041,0.20500379619439915,0.05786535549730062,0.05158736608515764,0.20389046105216835
143,4.254449546264989,0.36424901007891425,0.05999760956030413,4.22143313201456,4.132751713181332,4.201804557394041,4.078179523697681,4.488802074722155,4.776374377180328,4.450394832014521,4.69008164271705,3.422716245586319,4.081957364141903,0.0,0.13405385105058878,0.008870408455396063,0.025527776104791927,0.018574945396254747,0.05238603770162834,0.07591825677149797,0.044060431233151516,0.04595240102605568,0.19463198786367628
144,4.251922279952725,0.3634916271944929,0.05972177965717618,4.22143313201456,4.132751713181332,4.201804557394041,4.078179523697681,4.488802074722155,4.759444273129937,4.450394832014521,4.689293662282374,3.415161666948745,4.081957364141903,0.013304584138794118,0.18184924942125721,0.0,0.026843717101947405,0.006376928253628052,0.044154401291238446,0.039476114175070576,0.04877049544942587,0.03427159885741866,0.2021707078829815
145,4.23754151068305,0.3455290268519488,0.04729600617712633,4.22143313201456,4.132751713181332,4.201804557394041,4.078179523697681,4.488802074722155,4.615636580433186,4.450394832014521,4.689293662282374,3.415161666948745,4.081957364141903,0.024180935300386085,0.08071907627449196,0.0,0.00476378614811616,0.014827274921335096,0.0370490280327258,0.016871252642724696,0.030959162263976808,0.16862412086134815,0.09496542532615848
146,4.227254392818703,0.34796263024072416,0.047298296499144785,4.22143313201456,4.132751713181332,4.098933378750569,4.078179523697681,4.488802074722155,4.615636580433186,4.450394832014521,4.689293662282374,3.415161666948745,4.081957364141903,0.0015046675571473301,0.16390175154163464,0.013001813130981652,0.0,0.008822565843593387,0.019191196226497856,0.021355409806805118,0.02891139301293476,0.16578723596926223,0.05050693190259086
147,4.219232429606431,0.35096061478045965,0.05585217539189238,4.22143313201456,4.052532081058622,4.098933378750569,4.078179523697681,4.488802074722155,4.615636580433186,4.450394832014521,4.689293662282374,3.415161666948745,4.081957364141903,0.0,0.09547807933251083,0.0,0.0,0.03527498165833073,0.002502401649898624,0.016315437789051236,0.1897117999102257,0.17241739965976913,0.04682165391913765
148,4.143737718739947,0.3204068383839185,0.08310088742014024,4.215752143841819,4.052532081058622,4.098933378750569,4.078179523697681,4.337281954752875,4.0636171509971994,4.450394832014521,4.689293662282374,3.392732532801411,4.058659927202406,0.14000740397548891,0.08647127466006825,0.16957108555199338,0.02361810440339567,0.017180413098660457,0.025551108486172095,0.0,0.13276082974446657,0.20873977599394686,0.027108878287210154
149,4.115877531953546,0.3315772582482061,0.09481246815681542,4.215752143841819,4.052532081058622,4.098933378750569,4.059684052262167,4.337281954752875,4.0636171509971994,4.423103355455812,4.689293662282374,3.392732532801411,3.825845007332618,0.13337046973111533,0.06841096939288818,0.20396320135658,0.0,0.007487721489691147,0.0035666327093561183,0.14282197904545996,0.1372350203022873,0.22097530082175945,0.030293386719016675
150,4.112965425489316,0.33215083478796326,0.13451536060906638,4.215752143841819,4.052532081058622,4.098933378750569,4.059684052262167,4.337281954752875,4.034496086354899,4.423103355455812,4.689293662282374,3.392732532801411,3.825845007332618,0.16130353977824397,0.058938708830124295,0.21006239686064887,0.16289814542319947,0.1610592503359106,0.02006245020257585,0.12940084305796434,0.15146160997221195,0.10441407050478423,0.18555259112500053
151,4.11051470429433,0.3314731183388204,0.1291378815406758,4.191244931891951,4.052532081058622,4.098933378750569,4.059684052262167,4.337281954752875,4.034496086354899,4.423103355455812,4.689293662282374,3.392732532801411,3.825845007332618,0.2003449832445395,0.17906236371004794,0.09606666672617016,0.1792140984522974,0.17434972999244042,0.00030311131790185876,0.07136021738002585,0.16540180962133758,0.10785454715447149,0.11742128780752573
152,4.1079128169127985,0.33379142219001867,0.1438790772905773,4.191244931891951,4.052532081058622,4.098933378750569,4.059684052262167,4.337281954752875,4.034496086354899,4.423103355455812,4.689293662282374,3.392732532801411,3.799826133517304,0.08233603178504617,0.19001167333901192,0.07062043214777212,0.20911882485517433,0.19234149621909935,0.15932955907781896,0.17377147548285315,0.18557280831918532,0.07460770077487296,0.10108077090493858
153,4.09598171637182,0.3327617164388588,0.12575763742554585,4.077741427045858,4.052532081058622,4.098933378750569,4.053876551698469,4.337281954752875,4.034496086354899,4.423103355455812,4.689293662282374,3.392732532801411,3.799826133517304,0.06834373234820443,0.20649024104324823,0.05773286159205569,0.08733182900776404,0.08194113888088503,0.20686021540805122,0.19788769841930276,0.20688549232551828,0.05110129560820775,0.0930018696222213
154,4.062396601906054,0.32532663337195944,0.13154219564719669,4.077741427045858,4.052532081058622,4.0436853937278805,4.053876551698469,4.137907207924361,3.955635507436146,4.423103355455812,4.688075946099129,3.391582415096956,3.799826133517304,0.04115812463309633,0.22737551976679007,0.05787773830747936,0.178326273368969,0.04269426169988236,0.21162682909005284,0.23468081823238277,0.10920819016609817,0.03769961228284506,0.1747745889243711
155,4.058891131368043,0.32891057637510196,0.08625373894063122,4.077741427045858,4.052532081058622,4.0436853937278805,4.053876551698469,4.137907207924361,3.955635507436146,4.423103355455812,4.678739755327605,3.365863900488368,3.799826133517304,0.02166621885079162,0.13094030373855942,0.05479316748209563,0.11146688797197597,0.025588054609985315,0.11346352865351027,0.10114462543818335,0.08340088543906717,0.040343156369767964,0.17973056085237546
156,4.058891131368043,0.32891057637510196,0.06121623558664877,4.077741427045858,4.052532081058622,4.0436853937278805,4.053876551698469,4.137907207924361,3.955635507436146,4.423103355455812,4.678739755327605,3.365863900488368,3.799826133517304,0.010298361093383938,0.06032583844833672,0.042183876034008076,0.08787386747694523,0.009512221727406442,0.1291476389704308,0.10025559436818533,0.06679317480973228,0.02393096720468228,0.08184081573337669
157,4.05046232632341,0.3373673816817428,0.05057142675296068,4.077741427045858,4.052532081058622,4.0436853937278805,4.053876551698469,4.137907207924361,3.955635507436146,4.423103355455812,4.654382343373218,3.3059332619964192,3.799826133517304,0.028745993146178175,0.059528485087389546,0.05275963613167661,0.08343590602653363,0.027447023930037864,0.08120708337700715,0.06329572386368941,0.03278608949392016,0.015856647340580052,0.06065167913259425
158,4.036536551948272,0.333864131024427,0.0473988187186892,4.077741427045858,4.052532081058622,4.0303754072363525,4.053876551698469,4.137907207924361,3.955635507436146,4.423103355455812,4.5998847840598955,3.3059332619964192,3.7283759355707784,0.03878257607476693,0.04909488275021171,0.05500650659919286,0.07734105166136049,0.03380972495386845,0.08419274720198383,0.03542974797971252,0.028296504766310463,0.027393441800363596,0.04464100339912118
159,4.017716302123166,0.31419756144966354,0.0456195556455443,4.077741427045858,4.052532081058622,4.0303754072363525,4.053876551698469,4.137907207924361,3.955635507436146,4.423103355455812,4.448295688333356,3.3059332619964192,3.691762533046259,0.018049351586947118,0.04291475315455092,0.14963178958720352,0.06679573337971319,0.013509449375171626,0.06976872440091722,0.010940486416295268,0.028850644588779194,0.015208214375266538,0.040526409590598465
160,3.9918008525825286,0.3204034419090942,0.06211808466204784,4.012366804914354,4.052532081058622,3.9915460182029254,4.053876551698469,4.137907207924361,3.955635507436146,4.423103355455812,4.367999567919927,3.231278898168409,3.691762533046259,0.13888053335431333,0.033957122183878787,0.15400898815537742,0.045489762802779034,0.014167034481235356,0.030828899453148133,0.022024944947448468,0.14785174758825834,0.008482652040684201,0.02548916161335524
161,3.9796925252111435,0.31324109695133306,0.05984499098046575,4.012366804914354,4.052532081058622,3.9915460182029254,3.9821731997698824,4.137907207924361,3.955635507436146,4.373723433670552,4.367999567919927,3.231278898168409,3.691762533046259,0.13106244645173473,0.05560446272151339,0.15219670958924747,0.04163705696730027,0.026696650964450123,0.03594386440195783,0.0010003358368803252,0.07576727671765277,0.03783199849360832,0.04070910766031237
162,3.972830629001904,0.3080467334911507,0.06725332505559753,4.012366804914354,4.052532081058622,3.9656701300246913,3.9821731997698824,4.137907207924361,3.955635507436146,4.3309803597563885,4.367999567919927,3.231278898168409,3.691762533046259,0.04100180703316801,0.06001511404849853,0.16813645122912843,0.020453473324404864,0.008704589053586046,0.013512535760618742,0.0,0.05391367867355316,0.13712634193726916,0.1696692594957484
163,3.9563066730133265,0.31374629575078533,0.08778712231343357,4.012366804914354,4.052532081058622,3.9656701300246913,3.9821731997698824,4.137907207924361,3.811957398007657,4.3309803597563885,4.367999567919927,3.231278898168409,3.670201082588964,0.030078827287213703,0.04788694793221902,0.19401643130873772,0.010749341505499627,0.1337191579383108,0.14657606085345312,0.01337664367548761,0.03579708531745665,0.17762891170418996,0.08804181561176748
164,3.9360214913128084,0.3516222928495845,0.07324952784967681,4.012366804914354,4.012300593789924,3.9656701300246913,3.9821731997698824,4.137907207924361,3.811957398007657,4.3309803597563885,4.367999567919927,3.0686585684319287,3.670201082588964,0.011153904844642007,0.13656760312566277,0.08696326781945755,0.016708595936471164,0.17666529759575156,0.15699996474172437,0.0,0.043098772287917184,0.07160285621043311,0.032735015934708483
165,3.9085059072980846,0.37997735228809365,0.07147260054498247,4.012366804914354,4.012300593789924,3.9656701300246913,3.9765302830110696,4.137907207924361,3.8114514119957623,4.3309803597563885,4.367999567919927,3.0686585684319287,3.40119414521244,0.0029234620019765543,0.12270366201118511,0.07820175475210939,0.0,0.21119569948817682,0.206391880590128,0.0,0.023242900918068434,0.06684286406630423,0.0032237816218761753
166,3.8603851849306023,0.3646159943538654,0.07353307418717488,3.9681380400091375,4.012300593789924,3.9629111014752927,3.9765302830110696,4.137907207924361,3.6324071817551595,4.075805159776788,4.367999567919927,3.0686585684319287,3.40119414521244,0.020579677723418843,0.1281462784246829,0.06921619228308169,0.023150558645601962,0.09788210054052772,0.11886176239202136,0.027533243346205712,0.03156420194810127,0.04968373542479217,0.16871299114331512
167,3.859910444497655,0.36446752145653655,0.1090719255939018,3.9681380400091375,4.012300593789924,3.9629111014752927,3.971782878681584,4.137907207924361,3.6324071817551595,4.075805159776788,4.367999567919927,3.0686585684319287,3.40119414521244,0.1725385614814079,0.1714722793470165,0.034647891580073864,0.16612487757304842,0.07878084030909735,0.05186073094451736,0.16802687692464763,0.009115673286136947,0.04140816138696364,0.19674336310610824
168,3.8301280684643757,0.3345917112408272,0.09156924818093065,3.9681380400091375,4.012300593789924,3.9629111014752927,3.971782878681584,4.137907207924361,3.6324071817551595,3.9893867493343973,4.156594218029529,3.0686585684319287,3.40119414521244,0.20652430627702026,0.2095552369087955,0.04406155413864181,0.06306433047955483,0.06468390171507513,0.017197258825595182,0.07376890517120412,0.0027009714289838215,0.03055416694111383,0.20358184992332204
169,3.822194584839383,0.3293339209960345,0.08641210683121572,3.9681380400091375,3.9791753993652432,3.9629111014752927,3.960352305493551,4.103128139287147,3.6324071817551595,3.9893867493343973,4.156594218029529,3.0686585684319287,3.40119414521244,0.11573792441937093,0.11964213344276312,0.048727962025905035,0.04362195892690074,0.042165743594670915,0.031067548007807103,0.05778629093639021,0.13656580219525574,0.046845793682417765,0.2219599110806757
170,3.817399710452187,0.32751822519026086,0.0656655436793273,3.9201892961371745,3.9791753993652432,3.9629111014752927,3.960352305493551,4.103128139287147,3.6324071817551595,3.9893867493343973,4.156594218029529,3.0686585684319287,3.40119414521244,0.038929190989554,0.08084917234835694,0.03608448969054585,0.026847517282425428,0.043309066604620285,0.039330034407042656,0.04297510980796497,0.18230423819875924,0.05336573752998911,0.11266087993401452
171,3.817399710452187,0.32751822519026086,0.06362769832813603,3.9201892961371745,3.9791753993652432,3.9629111014752927,3.960352305493551,4.103128139287147,3.6324071817551595,3.9893867493343973,4.156594218029529,3.0686585684319287,3.40119414521244,0.023879388159832926,0.06566391003175567,0.03580889959683354,0.15270225041892493,0.015781063159700213,0.010502885169362106,0.03321044345457275,0.1900041327057295,0.04289668131476106,0.06582732926988753
172,3.8088139533830776,0.3247044409052657,0.08042919179973394,3.9201892961371745,3.9791753993652432,3.877053530784203,3.960352305493551,4.103128139287147,3.6324071817551595,3.9893867493343973,4.156594218029529,3.0686585684319287,3.40119414521244,0.023285015906030326,0.06321486345722163,0.025126513581077387,0.21992225921218997,0.0004162013259980939,0.0019704531855131266,0.15861077397323162,0.08955892152940668,0.050892128767514686,0.1712947870591559
173,3.8088139533830776,0.3247044409052657,0.07877206741669715,3.9201892961371745,3.9791753993652432,3.877053530784203,3.960352305493551,4.103128139287147,3.6324071817551595,3.9893867493343973,4.156594218029529,3.0686585684319287,3.40119414521244,0.008029858341933815,0.19180034028072493,0.019752422018436116,0.11862727882499847,0.014056470440753045,0.004925094281752425,0.19317850720352164,0.07911021638669181,0.03900611037335524,0.11923437601480415
174,3.7953448599063906,0.3170734189245877,0.07588770282297748,3.9201892961371745,3.8795086814787294,3.877053530784203,3.960352305493551,4.103128139287147,3.6324071817551595,3.9893867493343973,4.121570001149173,3.0686585684319287,3.40119414521244,0.018093797006649044,0.1265838138433652,0.046037653371784434,0.052743933785095135,0.027577340282465338,0.0,0.11493336794263946,0.06967049602164532,0.18380548108215902,0.11943114489397177
175,3.7783648725321966,0.30983299478410764,0.060931554664447794,3.9201892961371745,3.8795086814787294,3.877053530784203,3.960352305493551,3.9836694017613152,3.584762666167937,3.9866901287055083,4.121570001149173,3.0686585684319287,3.40119414521244,0.0005091074712194783,0.057552071201579943,0.02884197798439614,0.031759669714153324,0.005356424680108777,0.0,0.06977829371248304,0.03682755956030452,0.21428930657598427,0.16440113574424847
176,3.7783648725321966,0.30983299478410764,0.07706293248855697,3.9201892961371745,3.8795086814787294,3.877053530784203,3.960352305493551,3.9836694017613152,3.584762666167937,3.9866901287055083,4.121570001149173,3.0686585684319287,3.40119414521244,0.14664533172036512,0.19196865169188485,0.03371080449827421,0.009486902232967772,0.023061833754611065,0.03782249129280439,0.044523720768630266,0.014011876670857225,0.19847434953309073,0.07092336272208419
177,3.7760782984117673,0.31071678580223605,0.07245974907081025,3.9147480342587824,3.8795086814787294,3.877053530784203,3.960352305493551,3.9836694017613152,3.567338186842037,3.9866901287055083,4.121570001149173,3.0686585684319287,3.40119414521244,0.0502789425723461,0.1995622155255774,0.13390784096301356,0.0,0.008629692613695157,0.15947023056293788,0.025709518299344404,0.0010142765639597022,0.09456675907795144,0.05145801452927689
178,3.769190150053599,0.3072474408645531,0.09112528541530615,3.9147480342587824,3.8795086814787294,3.873594513889796,3.897434086254965,3.9836694017613152,3.567338186842037,3.9841858812568174,4.121570001149173,3.0686585684319287,3.40119414521244,0.013572676942131275,0.21575350207353725,0.07471439578080499,0.024292796737105375,0.0,0.19930459052322008,0.010309022753150238,0.17146893812231512,0.1717506232854878,0.03008630793530927
179,3.763591849109292,0.3172735860646018,0.07379036706310818,3.9147480342587824,3.8795086814787294,3.873594513889796,3.897434086254965,3.9836694017613152,3.567338186842037,3.9841858812568174,4.121570001149173,3.0383639308605415,3.3755057733407594,0.019219557674219328,0.20447576890285588,0.057817709998097586,0.015638963617188206,0.0,0.08622378765136968,0.14934848226893038,0.09027978818182937,0.08696314130483017,0.027936471031761168
180,3.7577977124237925,0.3207497374834708,0.07971372226968183,3.8922891976547267,3.8795086814787294,3.873594513889796,3.897434086254965,3.9836694017613152,3.567338186842037,3.9841858812568174,4.121570001149173,3.0383639308605415,3.3400232430898247,0.0,0.23451047233132652,0.05200015773919823,0.03063607351859602,0.1336264320304111,0.07688688377091914,0.15303648042972065,0.034298490102009804,0.07212896319312628,0.010013269581510519
181,3.751429737846975,0.3192530965642378,0.08588945433414095,3.8922891976547267,3.8795086814787294,3.873594513889796,3.897434086254965,3.9721084759446197,3.567338186842037,3.9459286962575857,4.121570001149173,3.0383639308605415,3.326161608137572,0.0,0.2428569807335053,0.05655740402691647,0.031753145841580274,0.18501662909978647,0.042208052698905076,0.16767752636887412,0.04225466820431408,0.07002004299670955,0.0205500933708181
182,3.749703684161821,0.31728786470140563,0.08999896129817211,3.8922891976547267,3.8795086814787294,3.873594513889796,3.897434086254965,3.9721084759446197,3.567338186842037,3.9459286962575857,4.104309464297632,3.0383639308605415,3.326161608137572,0.030277271191549743,0.2493469047957437,0.18334088569202267,0.008569006704946156,0.07403838473441984,0.02554726211940755,0.0737718348742375,0.02228742205474154,0.06318419791518198,0.16962644289947054
183,3.7314086026188873,0.3071119650523902,0.07698711677889164,3.8922891976547267,3.8795086814787294,3.873594513889796,3.897434086254965,3.8690686265113006,3.567338186842037,3.866017730261572,4.104309464297632,3.0383639308605415,3.326161608137572,0.17501983926558135,0.12014523451957086,0.10893302917735338,0.004263268879423741,0.025061025896595316,0.035734818785265805,0.0537735546050454,0.013252673172113812,0.0652479349810315,0.16843978850693528
184,3.688637380174363,0.29961746026934877,0.06932200075447145,3.8922891976547267,3.8795086814787294,3.873594513889796,3.86032800258721,3.58906939099693,3.567338186842037,3.75541082499845,4.104309464297632,3.0383639308605415,3.326161608137572,0.12309223659305524,0.04743668270237868,0.17672573074636,0.0,0.005333748389856655,0.04420950211730381,0.04201323556123533,0.0317983562635434,0.05801994477013186,0.1645905704008496
185,3.6834984735885627,0.2987477500712384,0.07725934570852239,3.8922891976547267,3.8795086814787294,3.833469565562855,3.86032800258721,3.58906939099693,3.567338186842037,3.75541082499845,4.104309464297632,3.0383639308605415,3.3148974906065125,0.10345279122746696,0.05729468934942001,0.18249820073183792,0.15659586298172873,0.027943120682141956,0.03425119882863131,0.01802296401155434,0.013594231440261994,0.05792370849056962,0.1210166893416111
186,3.672982657433441,0.29300895880323,0.08648886733125702,3.7871310361035104,3.8795086814787294,3.833469565562855,3.86032800258721,3.58906939099693,3.567338186842037,3.75541082499845,4.104309464297632,3.0383639308605415,3.3148974906065125,0.16870210525590978,0.04845368481000535,0.20822820844351414,0.17947316559377555,0.0321338387651735,0.021329368557591828,0.011758386889706544,0.004461621799368591,0.05655255676681115,0.1337957364307139
187,3.6538019139975204,0.2954403397868942,0.07912968041259621,3.7871310361035104,3.8795086814787294,3.833469565562855,3.835196184549844,3.58906939099693,3.4725451170196355,3.75541082499845,4.068645702285579,3.0383639308605415,3.278678706119131,0.08073381167066412,0.03657188833497092,0.11706680855604677,0.07991665121574668,0.007107933781332345,0.1750618062196977,0.035815369005084266,0.023707672898820337,0.040117760277972224,0.1951971021656268
188,3.651592605938048,0.29415542168140246,0.09747070302833681,3.7871310361035104,3.8795086814787294,3.833469565562855,3.813103103955122,3.58906939099693,3.4725451170196355,3.75541082499845,4.068645702285579,3.0383639308605415,3.278678706119131,0.17524113533507,0.022708746969837185,0.06926548572127225,0.04174990313892373,0.027239204205630252,0.1894929065077463,0.1702661489531451,0.16054763431869418,0.02636184368750086,0.09183402144554831
189,3.635665799621345,0.29890058969969785,0.08973968348928973,3.7871310361035104,3.8626385005160953,3.833469565562855,3.813103103955122,3.4466715087925306,3.4725451170196355,3.75541082499845,4.068645702285579,3.0383639308605415,3.278678706119131,0.1806734550055707,0.013358255701720887,0.06752995266876527,0.03395897528145824,0.009896069352357055,0.10594571528515914,0.19377173778198675,0.20191880252648847,0.02971549579464533,0.060628375494745604
190,3.6339572166614227,0.29645956158815917,0.0972378730248741,3.7871310361035104,3.8626385005160953,3.833469565562855,3.813103103955122,3.4466715087925306,3.4725451170196355,3.75541082499845,4.051559872686354,3.0383639308605415,3.278678706119131,0.1941311600399308,0.1570700604030649,0.06678077341365819,0.01644843970101135,0.14925444098475524,0.1067949336933707,0.12365085394639545,0.0804316014428252,0.02413064234417002,0.05368582427955928
191,3.6129933344007137,0.28193121066375887,0.10052211500006707,3.651725248234197,3.8626385005160953,3.833469565562855,3.813103103955122,3.4466715087925306,3.4725451170196355,3.75541082499845,3.977326837948578,3.0383639308605415,3.278678706119131,0.1263314925181907,0.1484702300529937,0.18346126632412973,0.007415210123745428,0.05949767096194933,0.1960046488844109,0.11455771391305439,0.06837642699643527,0.04653758824050604,0.05456890198525529
192,3.5981304580807683,0.29265727796764984,0.08823998511709255,3.651725248234197,3.8626385005160953,3.833469565562855,3.813103103955122,3.4466715087925306,3.3239163538201812,3.75541082499845,3.977326837948578,3.0383639308605415,3.278678706119131,0.06386895628031003,0.14563368687073067,0.09833412503200169,0.03382572081311587,0.0371289622591222,0.19659923848530875,0.05915942072006585,0.03971638314139141,0.17569952697737892,0.03243383059150026
193,3.5898499114503784,0.29432248786710435,0.08275876946866323,3.651725248234197,3.8233533270713917,3.833469565562855,3.813103103955122,3.4466715087925306,3.3239163538201812,3.75541082499845,3.977326837948578,3.0383639308605415,3.2351584132599354,0.051273528695023114,0.07230199608913847,0.11014091411975704,0.16174313397255435,0.017117841523793104,0.12283113807427663,0.05023169658647994,0.033091695443987934,0.18625126725963495,0.022604482921986805
194,3.5728386663098513,0.3001011115615781,0.07503508247354063,3.651725248234197,3.8233533270713917,3.833469565562855,3.813103103955122,3.404321273807192,3.3222213578595654,3.6676930053613224,3.977326837948578,3.0000145300383463,3.2351584132599354,0.02999417149385118,0.05412469768013751,0.17824669861403344,0.06882441697727887,0.027059118518243226,0.07309240299763242,0.03469727283244396,0.018611491447415893,0.0992083649794243,0.16649218919494552
195,3.572684914853962,0.299978345721677,0.08203768777369821,3.651725248234197,3.8233533270713917,3.833469565562855,3.8115655893962352,3.404321273807192,3.3222213578595654,3.6676930053613224,3.977326837948578,3.0000145300383463,3.2351584132599354,0.014315256303208877,0.03679050742467255,0.08331053473242817,0.033177503056242126,0.17775785008262363,0.02672540768642499,0.04045602754249976,0.04778825861190362,0.1861702231498688,0.17388530914710956
196,3.5677017340502815,0.2935603668637074,0.09515179521848971,3.651725248234197,3.8233533270713917,3.833469565562855,3.8115655893962352,3.404321273807192,3.3222213578595654,3.6676930053613224,3.9274950299117717,3.0000145300383463,3.2351584132599354,0.004266399515405988,0.007855458047476161,0.05813337867507104,0.15911135930814355,0.11688897350844549,0.1592055438611716,0.030526391523290113,0.05373351370204657,0.18338094382370293,0.17841599022014365
197,3.5544001186562197,0.3012473083884512,0.09086644051008756,3.651725248234197,3.8233533270713917,3.833469565562855,3.8115655893962352,3.404321273807192,3.2391993144089466,3.627059872437464,3.9274950299117717,3.0000145300383463,3.2257974356937997,0.0289460554150008,0.0,0.06393457547968892,0.17948965054031504,0.11323495380917552,0.14850355514619304,0.024968633717404022,0.02503705443211746,0.20639245231443992,0.11815747424654101
198,3.5437385598107314,0.2994957180864998,0.0940407324460532,3.545109659779311,3.8233533270713917,3.833469565562855,3.8115655893962352,3.404321273807192,3.2391993144089466,3.627059872437464,3.9274950299117717,3.0000145300383463,3.2257974356937997,0.028042324921648005,0.017764047785360698,0.05916938776817338,0.19870455528684244,0.16988815348427194,0.1675755547192805,0.03765977681652169,0.012319854471234402,0.12402776304653247,0.12525590616066634
199,3.530728496304941,0.28519020573563414,0.11291691081198238,3.545109659779311,3.8233533270713917,3.833469565562855,3.8115655893962352,3.404321273807192,3.2391993144089466,3.627059872437464,3.7982486564360234,3.0000145300383463,3.2249431741116408,0.16116246567347578,0.1557941606136754,0.04679924923492022,0.13909720852338486,0.17755637641002037,0.08008611931320081,0.018899483425708248,0.024353867337974917,0.1392821637515066,0.18613801383595657
